STATION_KEY,HORIZON,TANGGAL_PREDIKSI,PREDIKSI_XGBOOST_MM,NAMA_STASIUN,LATITUDE,LONGITUDE,ELEVASI_M
13010103a,1,2026-01-01,9.027912,Air Pura,-1.99,100.95,21
13010202a,1,2026-01-01,9.384385,BPK Padang Laban,-1.917,100.87,2
13010302a,1,2026-01-01,11.4111595,Kambang,-1.67,100.74,25
13010402a,1,2026-01-01,11.899423,PU Batang Kapas - Tanah Kareh,-1.48,100.62,20
13010403a,1,2026-01-01,16.641947,BPK Batang Kapas,-1.49,100.61,7
13010601a,1,2026-01-01,8.545977,BPK Bayang Api-Api,-1.29,100.49,3
13010701a,1,2026-01-01,10.975658,Tarusan,-1.24,100.47,0
13010702a,1,2026-01-01,13.188395,BPK Duku Nanggalo,-1.16,100.48,33
13010902a,1,2026-01-01,7.6186185,BPK Linggo Sari Baganti,-1.91,100.88,0
13011002Z,1,2026-01-01,8.52879,Lunang,-2.26,101.1,5
13020301a,1,2026-01-01,14.01157,BBI Surian,-1.24861,100.87,1044
13020401a,1,2026-01-01,9.740693,BPK Lembah Gumanti,-1.084,100.78,1623
13020403f,1,2026-01-01,8.94397,UPTD Alahan Panjang,-0.98,100.78,1535
13020501a,1,2026-01-01,8.58669,Payung Sekaki,-0.91,100.78,0
13020601a,1,2026-01-01,10.9173155,Lembang Jaya,-0.97,100.72,0
13020701a,1,2026-01-01,9.56585,Gunung Talang,-1.02,100.63,0
13020801a,1,2026-01-01,9.789494,Muara Panas,-0.85,100.69,432
13020901a,1,2026-01-01,9.293599,BPK IX Koto Seilasi,-0.796,100.78,0
13021001a,1,2026-01-01,6.331097,Kubung,-0.83047,100.60766,642
13021102a,1,2026-01-01,7.008677,X Koto Singkarak,-0.71,100.6,393
13021104a,1,2026-01-01,9.290913,Balitbu Sumani,-0.71964,100.59724,368
13021105f,1,2026-01-01,9.376021,Balitbu Aripan,-0.698,100.6,0
13021201a,1,2026-01-01,9.360583,BPK X Koto Diatas,-0.62028,100.6433,479
13021301a,1,2026-01-01,10.8806305,Muaro Pingai,-0.69,100.54,412
13021701a,1,2026-01-01,9.324188,BPK Hiliran Gumanti,-1.095,100.87,0
13021801a,1,2026-01-01,17.029833,Tigo Lurah,-1.055,101.05,0
13021901a,1,2026-01-01,10.382929,Danau Kembar,-1.04257,100.73507,1608
13030302a,1,2026-01-01,11.336334,Tanjung Gadang,-0.78,101.17,0
13030304a,1,2026-01-01,13.881897,Tanjung Lolo,-0.89462,101.19145,231
13030401a,1,2026-01-01,10.6832,BPK Sijunjung,-0.7,101.01,175
13030402a,1,2026-01-01,14.675926,Muara Sijunjung,-0.6,100.99,202
13030501a,1,2026-01-01,12.332367,BPP 4 Nagari,-0.67,100.88,186
13030601a,1,2026-01-01,15.608178,Sei Langsat,-0.91,101.3,185
13030701a,1,2026-01-01,12.435293,Lubuk Tarok,-0.82,101.03,192
13030801a,1,2026-01-01,12.823074,BPK Tanjung Ampalu,-0.64,100.96,182
13030901a,1,2026-01-01,10.365392,Kumanis,-0.53,100.88,0
13030902a,1,2026-01-01,9.172145,Sumpur Kudus,-0.42,100.9,258
13031001a,1,2026-01-01,12.348905,Kupitan,-0.7,100.84,206
13040101a,1,2026-01-01,12.07671,BPK X Koto Paninjauan,-0.44,100.42,989
13040201a,1,2026-01-01,10.706365,Batipuh,-0.47,100.46,0
13040202a,1,2026-01-01,8.072537,Ombilin weir,-0.56,100.55,373
13040301a,1,2026-01-01,10.244043,Galo Gandang,-0.48541,100.55552,573
13040304a,1,2026-01-01,10.079435,Rambatan,-0.51,100.57,0
13040402a,1,2026-01-01,8.167733,Cubadak,-0.47,100.54,0
13040502a,1,2026-01-01,7.6855407,Saruaso,-0.53,100.63,367
13040504a,1,2026-01-01,9.544673,Diperta Tanah Datar,-0.475,100.62,0
13040701a,1,2026-01-01,11.518133,BPP Sungayang,-0.38,100.63,0
13040801a,1,2026-01-01,10.787336,Sei Tarab,-0.41,100.57,1004
13041001a,1,2026-01-01,15.588949,Salimpaung,-0.33,100.57,0
13041101a,1,2026-01-01,8.6625185,Padang Ganting,-0.53,100.68,0
13041401a,1,2026-01-01,7.8354487,Malalo,-0.57,100.48,405
13050201a,1,2026-01-01,13.969331,Kuliek,-0.74,100.33,0
13050203a,1,2026-01-01,9.959925,StaMet Minangkabau,-0.79333,100.28889,6
13050301a,1,2026-01-01,9.988682,Sunur,-0.67,100.19,33
13050501a,1,2026-01-01,10.161714,BPP Balah Air,-0.59,100.21,0
13050701a,1,2026-01-01,14.41674,Sei Geringging,-0.41986,100.08845,233
13050801a,1,2026-01-01,12.516664,BPP Pilubang,-0.5376,100.09889,11
13050901a,1,2026-01-01,11.707276,Padang Laring,-0.34,100.09,318
13051001a,1,2026-01-01,13.081778,Ulakan Tapakis,-0.7,100.22,12
13051101a,1,2026-01-01,10.908451,BPP Sintuk,-0.65,100.26,65
13051401a,1,2026-01-01,13.039737,Limau Purut,-0.53,100.17,0
13051501a,1,2026-01-01,12.2385435,Kandang Ampek,-0.5,100.34,388
13051502a,1,2026-01-01,18.453356,Sicaung,-0.52,100.31,111
13051503a,1,2026-01-01,17.094345,Staklim Padang Pariaman,-0.546,100.3,134
13051601a,1,2026-01-01,19.8784,Tandikat,-0.5,100.25,209
13060101a,1,2026-01-01,11.478908,Tiku,-0.37,99.91,9
13060202a,1,2026-01-01,9.928375,Lubuk Basung,-0.29,99.95,0
13060303a,1,2026-01-01,15.289791,Tanjung Raya - Maninjau,-0.29,100.15,474
13060401a,1,2026-01-01,10.649686,Matur,-0.305,100.2528,1163
13060501a,1,2026-01-01,15.282622,Koto Tuo,-0.37,100.3,1031
13060801a,1,2026-01-01,10.693399,Baso,-0.3,100.48,1020
13060902a,1,2026-01-01,13.182767,GAW Pasadama,-0.25,100.38,889
13060903a,1,2026-01-01,12.668424,Kamang Mudiak,-0.20408,100.41941,861
13061001a,1,2026-01-01,13.182767,GAW Palupuh,-0.18,100.34,0
13061102a,1,2026-01-01,9.402842,Palembayan,-0.19,100.23,776
13061301a,1,2026-01-01,10.504019,BPP Bawan,-0.2,100.0,20
13070103a,1,2026-01-01,11.305163,Suliki,-0.1,100.5,540
13070104a,1,2026-01-01,8.612784,BP3K Bukit Barisan,-0.06,100.52,0
13070203a,1,2026-01-01,9.080845,Guguak,-0.91889,100.6358,800
13070402a,1,2026-01-01,11.304524,Luhak,-0.28,100.68,827
13070501a,1,2026-01-01,11.787419,BPP Tanjung Pati,-0.17,100.66,0
13070504a,1,2026-01-01,10.655808,Politani Tanjungpati,-0.17,100.67,0
13070601a,1,2026-01-01,10.786955,Pangkalan,0.09,100.73,0
13070701a,1,2026-01-01,20.205713,Muara Paiti,0.24,100.55,129
13071002a,1,2026-01-01,11.384329,Situjuah,-0.293,100.64,0
13071301a,1,2026-01-01,12.071837,Akabiluru,-0.24,100.55,595
13080401a,1,2026-01-01,15.258429,Bonjol,0.0,100.25,700
13080501a,1,2026-01-01,25.143244,Lubuk Sikaping,0.13722,100.1681,455
13080701a,1,2026-01-01,10.755627,Petok,0.29389,100.0975,248
13081301a,1,2026-01-01,11.243594,UPT-BP Ladang Panjang,0.04,100.05,112
13081402a,1,2026-01-01,11.856175,Rao,0.56,100.02,220
13081601a,1,2026-01-01,14.618699,Simpati,0.01,100.16,301
13090401a,1,2026-01-01,9.728625,Muara Sikabaluan,-1.13,98.98,2
13100101a,1,2026-01-01,12.527663,BPP Koto Baru,-1.04,101.67,129
13100203a,1,2026-01-01,8.834455,Sei Dareh,-1.061,101.5,0
13100401a,1,2026-01-01,8.234955,Sitiung,-1.01,101.59,0
13100701a,1,2026-01-01,8.975749,BPP Koto Salak,-1.19,101.73,76
13100702a,1,2026-01-01,8.974004,Timpeh,-0.92,101.58,101
13110101a,1,2026-01-01,17.845718,Lubuk Gadang Selatan,-1.55,101.25,572
13110106a,1,2026-01-01,11.895012,Sangir Jujuan,-1.43,101.32,363
13110107a,1,2026-01-01,17.817122,BPP Sangir Batanghari,-1.27,101.39,196
13110202a,1,2026-01-01,14.888252,Pakan Salasa - Muara Labuh,-1.402,101.05,0
13110602a,1,2026-01-01,13.459926,Pekonina,-1.59054,101.14329,937
13120101a,1,2026-01-01,13.026834,Parit,0.28,99.53,0
13120102a,1,2026-01-01,6.4079514,Sei Baremas,0.24,99.45,19
13120301a,1,2026-01-01,9.120625,Sukamenanti,0.102,99.81,192
13120402a,1,2026-01-01,13.632788,UPTB Talamau,0.23,99.9672,0
13120501a,1,2026-01-01,10.86522,Kinali,-0.02,99.85,37
13120601a,1,2026-01-01,13.082709,Gunung Tuleh,0.2363,99.7166,43
13121003a,1,2026-01-01,9.910311,Sei Talang,0.03,99.79,0
13121101a,1,2026-01-01,11.034223,Sasak,0.011,99.7,4
13710101e,1,2026-01-01,7.0499573,Teluk Bayur,-0.98,100.36,0
13710202a,1,2026-01-01,11.468418,Muara Palam - Parak Karakah,-0.94,100.38,13
13710701a,1,2026-01-01,11.311065,Tambang Semen Padang,-0.96,100.5,690
13710702a,1,2026-01-01,11.0122175,Bandar Buat,-0.953,100.42,0
13710704a,1,2026-01-01,20.887247,Water Plan Semen Padang,-0.961,100.48,0
13710803a,1,2026-01-01,13.287324,Limau Manih - UNAND,-0.9164,100.4367,0
13711001a,1,2026-01-01,11.13519,Nanggalo,-0.91,100.36,0
13711102a,1,2026-01-01,13.224166,Lubuk Minturun,-0.85,100.38,53
13720101a,1,2026-01-01,9.272888,Lubuk Sikarah,-0.77,100.61,390
13720201a,1,2026-01-01,9.503348,Tanjung Harapan,-0.76,100.65,0
13730201a,1,2026-01-01,10.894431,BPP Kolok,-0.6,100.73,263
13740101a,1,2026-01-01,11.30038,PU Padang Panjang,-0.45,100.44,0
13740201a,1,2026-01-01,10.017636,Stageof PPI,-0.471,100.42,0
13750101a,1,2026-01-01,14.360179,BPBD Bukittinggi,-0.28,100.37,0
13760101a,1,2026-01-01,10.02851,Padang Mangatas,-0.27,100.68,0
13760102a,1,2026-01-01,11.973951,Payakumbuh Barat,-0.25,100.62,0
13760501a,1,2026-01-01,8.922814,Payakumbuh Selatan,-0.25,100.63,0
13770101a,1,2026-01-01,10.611219,Pariaman,-0.6,100.13,27
13010103a,2,2026-01-02,13.624006,Air Pura,-1.99,100.95,21
13010202a,2,2026-01-02,11.12341,BPK Padang Laban,-1.917,100.87,2
13010302a,2,2026-01-02,14.498072,Kambang,-1.67,100.74,25
13010402a,2,2026-01-02,8.659473,PU Batang Kapas - Tanah Kareh,-1.48,100.62,20
13010403a,2,2026-01-02,11.517912,BPK Batang Kapas,-1.49,100.61,7
13010601a,2,2026-01-02,12.959047,BPK Bayang Api-Api,-1.29,100.49,3
13010701a,2,2026-01-02,9.89837,Tarusan,-1.24,100.47,0
13010702a,2,2026-01-02,12.185489,BPK Duku Nanggalo,-1.16,100.48,33
13010902a,2,2026-01-02,8.197202,BPK Linggo Sari Baganti,-1.91,100.88,0
13011002Z,2,2026-01-02,10.376541,Lunang,-2.26,101.1,5
13020301a,2,2026-01-02,14.026346,BBI Surian,-1.24861,100.87,1044
13020401a,2,2026-01-02,6.86506,BPK Lembah Gumanti,-1.084,100.78,1623
13020403f,2,2026-01-02,6.520149,UPTD Alahan Panjang,-0.98,100.78,1535
13020501a,2,2026-01-02,6.862579,Payung Sekaki,-0.91,100.78,0
13020601a,2,2026-01-02,7.4047046,Lembang Jaya,-0.97,100.72,0
13020701a,2,2026-01-02,6.667926,Gunung Talang,-1.02,100.63,0
13020801a,2,2026-01-02,7.773816,Muara Panas,-0.85,100.69,432
13020901a,2,2026-01-02,6.8409863,BPK IX Koto Seilasi,-0.796,100.78,0
13021001a,2,2026-01-02,5.055361,Kubung,-0.83047,100.60766,642
13021102a,2,2026-01-02,6.9480743,X Koto Singkarak,-0.71,100.6,393
13021104a,2,2026-01-02,7.463172,Balitbu Sumani,-0.71964,100.59724,368
13021105f,2,2026-01-02,7.3879385,Balitbu Aripan,-0.698,100.6,0
13021201a,2,2026-01-02,8.015731,BPK X Koto Diatas,-0.62028,100.6433,479
13021301a,2,2026-01-02,6.871721,Muaro Pingai,-0.69,100.54,412
13021701a,2,2026-01-02,8.267262,BPK Hiliran Gumanti,-1.095,100.87,0
13021801a,2,2026-01-02,11.264936,Tigo Lurah,-1.055,101.05,0
13021901a,2,2026-01-02,8.814156,Danau Kembar,-1.04257,100.73507,1608
13030302a,2,2026-01-02,8.854081,Tanjung Gadang,-0.78,101.17,0
13030304a,2,2026-01-02,8.411001,Tanjung Lolo,-0.89462,101.19145,231
13030401a,2,2026-01-02,9.838141,BPK Sijunjung,-0.7,101.01,175
13030402a,2,2026-01-02,11.1333275,Muara Sijunjung,-0.6,100.99,202
13030501a,2,2026-01-02,10.666874,BPP 4 Nagari,-0.67,100.88,186
13030601a,2,2026-01-02,9.498059,Sei Langsat,-0.91,101.3,185
13030701a,2,2026-01-02,12.176771,Lubuk Tarok,-0.82,101.03,192
13030801a,2,2026-01-02,10.579803,BPK Tanjung Ampalu,-0.64,100.96,182
13030901a,2,2026-01-02,9.270651,Kumanis,-0.53,100.88,0
13030902a,2,2026-01-02,7.7012663,Sumpur Kudus,-0.42,100.9,258
13031001a,2,2026-01-02,8.977883,Kupitan,-0.7,100.84,206
13040101a,2,2026-01-02,7.235196,BPK X Koto Paninjauan,-0.44,100.42,989
13040201a,2,2026-01-02,8.470338,Batipuh,-0.47,100.46,0
13040202a,2,2026-01-02,6.035408,Ombilin weir,-0.56,100.55,373
13040301a,2,2026-01-02,8.071922,Galo Gandang,-0.48541,100.55552,573
13040304a,2,2026-01-02,7.632159,Rambatan,-0.51,100.57,0
13040402a,2,2026-01-02,7.801875,Cubadak,-0.47,100.54,0
13040502a,2,2026-01-02,7.430894,Saruaso,-0.53,100.63,367
13040504a,2,2026-01-02,10.53299,Diperta Tanah Datar,-0.475,100.62,0
13040701a,2,2026-01-02,6.774517,BPP Sungayang,-0.38,100.63,0
13040801a,2,2026-01-02,7.4440966,Sei Tarab,-0.41,100.57,1004
13041001a,2,2026-01-02,10.025715,Salimpaung,-0.33,100.57,0
13041101a,2,2026-01-02,8.536334,Padang Ganting,-0.53,100.68,0
13041401a,2,2026-01-02,7.8659983,Malalo,-0.57,100.48,405
13050201a,2,2026-01-02,11.269529,Kuliek,-0.74,100.33,0
13050203a,2,2026-01-02,8.450599,StaMet Minangkabau,-0.79333,100.28889,6
13050301a,2,2026-01-02,9.822817,Sunur,-0.67,100.19,33
13050501a,2,2026-01-02,8.704642,BPP Balah Air,-0.59,100.21,0
13050701a,2,2026-01-02,10.191259,Sei Geringging,-0.41986,100.08845,233
13050801a,2,2026-01-02,7.6648545,BPP Pilubang,-0.5376,100.09889,11
13050901a,2,2026-01-02,9.2616,Padang Laring,-0.34,100.09,318
13051001a,2,2026-01-02,9.209401,Ulakan Tapakis,-0.7,100.22,12
13051101a,2,2026-01-02,9.546439,BPP Sintuk,-0.65,100.26,65
13051401a,2,2026-01-02,10.018662,Limau Purut,-0.53,100.17,0
13051501a,2,2026-01-02,10.89476,Kandang Ampek,-0.5,100.34,388
13051502a,2,2026-01-02,11.231846,Sicaung,-0.52,100.31,111
13051503a,2,2026-01-02,10.510981,Staklim Padang Pariaman,-0.546,100.3,134
13051601a,2,2026-01-02,14.833261,Tandikat,-0.5,100.25,209
13060101a,2,2026-01-02,9.701986,Tiku,-0.37,99.91,9
13060202a,2,2026-01-02,8.305717,Lubuk Basung,-0.29,99.95,0
13060303a,2,2026-01-02,7.424672,Tanjung Raya - Maninjau,-0.29,100.15,474
13060401a,2,2026-01-02,7.0776186,Matur,-0.305,100.2528,1163
13060501a,2,2026-01-02,8.175921,Koto Tuo,-0.37,100.3,1031
13060801a,2,2026-01-02,7.469885,Baso,-0.3,100.48,1020
13060902a,2,2026-01-02,10.428399,GAW Pasadama,-0.25,100.38,889
13060903a,2,2026-01-02,10.550153,Kamang Mudiak,-0.20408,100.41941,861
13061001a,2,2026-01-02,10.428399,GAW Palupuh,-0.18,100.34,0
13061102a,2,2026-01-02,5.9230156,Palembayan,-0.19,100.23,776
13061301a,2,2026-01-02,8.870309,BPP Bawan,-0.2,100.0,20
13070103a,2,2026-01-02,7.990321,Suliki,-0.1,100.5,540
13070104a,2,2026-01-02,6.8626766,BP3K Bukit Barisan,-0.06,100.52,0
13070203a,2,2026-01-02,6.8050957,Guguak,-0.91889,100.6358,800
13070402a,2,2026-01-02,9.950392,Luhak,-0.28,100.68,827
13070501a,2,2026-01-02,8.380344,BPP Tanjung Pati,-0.17,100.66,0
13070504a,2,2026-01-02,7.2718773,Politani Tanjungpati,-0.17,100.67,0
13070601a,2,2026-01-02,9.557051,Pangkalan,0.09,100.73,0
13070701a,2,2026-01-02,14.54149,Muara Paiti,0.24,100.55,129
13071002a,2,2026-01-02,8.348066,Situjuah,-0.293,100.64,0
13071301a,2,2026-01-02,7.7639046,Akabiluru,-0.24,100.55,595
13080401a,2,2026-01-02,8.827796,Bonjol,0.0,100.25,700
13080501a,2,2026-01-02,12.851255,Lubuk Sikaping,0.13722,100.1681,455
13080701a,2,2026-01-02,7.226782,Petok,0.29389,100.0975,248
13081301a,2,2026-01-02,11.143397,UPT-BP Ladang Panjang,0.04,100.05,112
13081402a,2,2026-01-02,7.7000237,Rao,0.56,100.02,220
13081601a,2,2026-01-02,9.775211,Simpati,0.01,100.16,301
13090401a,2,2026-01-02,12.266725,Muara Sikabaluan,-1.13,98.98,2
13100101a,2,2026-01-02,10.688343,BPP Koto Baru,-1.04,101.67,129
13100203a,2,2026-01-02,7.1702437,Sei Dareh,-1.061,101.5,0
13100401a,2,2026-01-02,6.4417768,Sitiung,-1.01,101.59,0
13100701a,2,2026-01-02,9.743221,BPP Koto Salak,-1.19,101.73,76
13100702a,2,2026-01-02,9.473357,Timpeh,-0.92,101.58,101
13110101a,2,2026-01-02,13.478248,Lubuk Gadang Selatan,-1.55,101.25,572
13110106a,2,2026-01-02,10.387579,Sangir Jujuan,-1.43,101.32,363
13110107a,2,2026-01-02,9.324542,BPP Sangir Batanghari,-1.27,101.39,196
13110202a,2,2026-01-02,10.26193,Pakan Salasa - Muara Labuh,-1.402,101.05,0
13110602a,2,2026-01-02,11.540342,Pekonina,-1.59054,101.14329,937
13120101a,2,2026-01-02,8.164223,Parit,0.28,99.53,0
13120102a,2,2026-01-02,5.581383,Sei Baremas,0.24,99.45,19
13120301a,2,2026-01-02,10.96062,Sukamenanti,0.102,99.81,192
13120402a,2,2026-01-02,10.223084,UPTB Talamau,0.23,99.9672,0
13120501a,2,2026-01-02,9.915745,Kinali,-0.02,99.85,37
13120601a,2,2026-01-02,8.419628,Gunung Tuleh,0.2363,99.7166,43
13121003a,2,2026-01-02,9.832825,Sei Talang,0.03,99.79,0
13121101a,2,2026-01-02,7.9251633,Sasak,0.011,99.7,4
13710101e,2,2026-01-02,10.16897,Teluk Bayur,-0.98,100.36,0
13710202a,2,2026-01-02,10.198568,Muara Palam - Parak Karakah,-0.94,100.38,13
13710701a,2,2026-01-02,9.082713,Tambang Semen Padang,-0.96,100.5,690
13710702a,2,2026-01-02,9.150106,Bandar Buat,-0.953,100.42,0
13710704a,2,2026-01-02,14.701088,Water Plan Semen Padang,-0.961,100.48,0
13710803a,2,2026-01-02,13.491439,Limau Manih - UNAND,-0.9164,100.4367,0
13711001a,2,2026-01-02,9.810758,Nanggalo,-0.91,100.36,0
13711102a,2,2026-01-02,11.210611,Lubuk Minturun,-0.85,100.38,53
13720101a,2,2026-01-02,10.30579,Lubuk Sikarah,-0.77,100.61,390
13720201a,2,2026-01-02,8.024371,Tanjung Harapan,-0.76,100.65,0
13730201a,2,2026-01-02,7.2278953,BPP Kolok,-0.6,100.73,263
13740101a,2,2026-01-02,9.977786,PU Padang Panjang,-0.45,100.44,0
13740201a,2,2026-01-02,9.132566,Stageof PPI,-0.471,100.42,0
13750101a,2,2026-01-02,11.021519,BPBD Bukittinggi,-0.28,100.37,0
13760101a,2,2026-01-02,9.212399,Padang Mangatas,-0.27,100.68,0
13760102a,2,2026-01-02,8.674435,Payakumbuh Barat,-0.25,100.62,0
13760501a,2,2026-01-02,6.1279416,Payakumbuh Selatan,-0.25,100.63,0
13770101a,2,2026-01-02,6.866553,Pariaman,-0.6,100.13,27
13010103a,3,2026-01-03,11.558296,Air Pura,-1.99,100.95,21
13010202a,3,2026-01-03,21.260632,BPK Padang Laban,-1.917,100.87,2
13010302a,3,2026-01-03,17.396189,Kambang,-1.67,100.74,25
13010402a,3,2026-01-03,14.773344,PU Batang Kapas - Tanah Kareh,-1.48,100.62,20
13010403a,3,2026-01-03,21.062714,BPK Batang Kapas,-1.49,100.61,7
13010601a,3,2026-01-03,12.821853,BPK Bayang Api-Api,-1.29,100.49,3
13010701a,3,2026-01-03,9.8946085,Tarusan,-1.24,100.47,0
13010702a,3,2026-01-03,10.89103,BPK Duku Nanggalo,-1.16,100.48,33
13010902a,3,2026-01-03,8.24481,BPK Linggo Sari Baganti,-1.91,100.88,0
13011002Z,3,2026-01-03,16.841696,Lunang,-2.26,101.1,5
13020301a,3,2026-01-03,16.23199,BBI Surian,-1.24861,100.87,1044
13020401a,3,2026-01-03,9.725137,BPK Lembah Gumanti,-1.084,100.78,1623
13020403f,3,2026-01-03,9.217958,UPTD Alahan Panjang,-0.98,100.78,1535
13020501a,3,2026-01-03,7.7967367,Payung Sekaki,-0.91,100.78,0
13020601a,3,2026-01-03,10.116704,Lembang Jaya,-0.97,100.72,0
13020701a,3,2026-01-03,9.539217,Gunung Talang,-1.02,100.63,0
13020801a,3,2026-01-03,9.637169,Muara Panas,-0.85,100.69,432
13020901a,3,2026-01-03,8.335743,BPK IX Koto Seilasi,-0.796,100.78,0
13021001a,3,2026-01-03,7.5607514,Kubung,-0.83047,100.60766,642
13021102a,3,2026-01-03,7.9744787,X Koto Singkarak,-0.71,100.6,393
13021104a,3,2026-01-03,10.606908,Balitbu Sumani,-0.71964,100.59724,368
13021105f,3,2026-01-03,8.741235,Balitbu Aripan,-0.698,100.6,0
13021201a,3,2026-01-03,12.093676,BPK X Koto Diatas,-0.62028,100.6433,479
13021301a,3,2026-01-03,14.796669,Muaro Pingai,-0.69,100.54,412
13021701a,3,2026-01-03,8.647949,BPK Hiliran Gumanti,-1.095,100.87,0
13021801a,3,2026-01-03,17.809347,Tigo Lurah,-1.055,101.05,0
13021901a,3,2026-01-03,7.8061633,Danau Kembar,-1.04257,100.73507,1608
13030302a,3,2026-01-03,9.970471,Tanjung Gadang,-0.78,101.17,0
13030304a,3,2026-01-03,13.416238,Tanjung Lolo,-0.89462,101.19145,231
13030401a,3,2026-01-03,13.881415,BPK Sijunjung,-0.7,101.01,175
13030402a,3,2026-01-03,17.823582,Muara Sijunjung,-0.6,100.99,202
13030501a,3,2026-01-03,14.918404,BPP 4 Nagari,-0.67,100.88,186
13030601a,3,2026-01-03,15.914948,Sei Langsat,-0.91,101.3,185
13030701a,3,2026-01-03,12.100115,Lubuk Tarok,-0.82,101.03,192
13030801a,3,2026-01-03,10.679934,BPK Tanjung Ampalu,-0.64,100.96,182
13030901a,3,2026-01-03,12.49581,Kumanis,-0.53,100.88,0
13030902a,3,2026-01-03,7.3257375,Sumpur Kudus,-0.42,100.9,258
13031001a,3,2026-01-03,14.13903,Kupitan,-0.7,100.84,206
13040101a,3,2026-01-03,13.443864,BPK X Koto Paninjauan,-0.44,100.42,989
13040201a,3,2026-01-03,10.386127,Batipuh,-0.47,100.46,0
13040202a,3,2026-01-03,8.144306,Ombilin weir,-0.56,100.55,373
13040301a,3,2026-01-03,11.013262,Galo Gandang,-0.48541,100.55552,573
13040304a,3,2026-01-03,9.932174,Rambatan,-0.51,100.57,0
13040402a,3,2026-01-03,9.569684,Cubadak,-0.47,100.54,0
13040502a,3,2026-01-03,8.908029,Saruaso,-0.53,100.63,367
13040504a,3,2026-01-03,10.456217,Diperta Tanah Datar,-0.475,100.62,0
13040701a,3,2026-01-03,11.42761,BPP Sungayang,-0.38,100.63,0
13040801a,3,2026-01-03,11.183607,Sei Tarab,-0.41,100.57,1004
13041001a,3,2026-01-03,23.819992,Salimpaung,-0.33,100.57,0
13041101a,3,2026-01-03,9.156092,Padang Ganting,-0.53,100.68,0
13041401a,3,2026-01-03,9.889039,Malalo,-0.57,100.48,405
13050201a,3,2026-01-03,16.70839,Kuliek,-0.74,100.33,0
13050203a,3,2026-01-03,10.90927,StaMet Minangkabau,-0.79333,100.28889,6
13050301a,3,2026-01-03,11.4089365,Sunur,-0.67,100.19,33
13050501a,3,2026-01-03,8.85778,BPP Balah Air,-0.59,100.21,0
13050701a,3,2026-01-03,14.299475,Sei Geringging,-0.41986,100.08845,233
13050801a,3,2026-01-03,12.07716,BPP Pilubang,-0.5376,100.09889,11
13050901a,3,2026-01-03,13.445858,Padang Laring,-0.34,100.09,318
13051001a,3,2026-01-03,14.016131,Ulakan Tapakis,-0.7,100.22,12
13051101a,3,2026-01-03,11.729108,BPP Sintuk,-0.65,100.26,65
13051401a,3,2026-01-03,11.414487,Limau Purut,-0.53,100.17,0
13051501a,3,2026-01-03,17.725517,Kandang Ampek,-0.5,100.34,388
13051502a,3,2026-01-03,17.495348,Sicaung,-0.52,100.31,111
13051503a,3,2026-01-03,20.983433,Staklim Padang Pariaman,-0.546,100.3,134
13051601a,3,2026-01-03,18.84712,Tandikat,-0.5,100.25,209
13060101a,3,2026-01-03,14.367243,Tiku,-0.37,99.91,9
13060202a,3,2026-01-03,11.221321,Lubuk Basung,-0.29,99.95,0
13060303a,3,2026-01-03,15.499393,Tanjung Raya - Maninjau,-0.29,100.15,474
13060401a,3,2026-01-03,9.248328,Matur,-0.305,100.2528,1163
13060501a,3,2026-01-03,21.815632,Koto Tuo,-0.37,100.3,1031
13060801a,3,2026-01-03,10.632823,Baso,-0.3,100.48,1020
13060902a,3,2026-01-03,13.153319,GAW Pasadama,-0.25,100.38,889
13060903a,3,2026-01-03,11.646048,Kamang Mudiak,-0.20408,100.41941,861
13061001a,3,2026-01-03,13.153319,GAW Palupuh,-0.18,100.34,0
13061102a,3,2026-01-03,7.820373,Palembayan,-0.19,100.23,776
13061301a,3,2026-01-03,10.899699,BPP Bawan,-0.2,100.0,20
13070103a,3,2026-01-03,10.471876,Suliki,-0.1,100.5,540
13070104a,3,2026-01-03,7.7829266,BP3K Bukit Barisan,-0.06,100.52,0
13070203a,3,2026-01-03,10.095461,Guguak,-0.91889,100.6358,800
13070402a,3,2026-01-03,12.113046,Luhak,-0.28,100.68,827
13070501a,3,2026-01-03,10.660876,BPP Tanjung Pati,-0.17,100.66,0
13070504a,3,2026-01-03,10.763107,Politani Tanjungpati,-0.17,100.67,0
13070601a,3,2026-01-03,10.184242,Pangkalan,0.09,100.73,0
13070701a,3,2026-01-03,20.327335,Muara Paiti,0.24,100.55,129
13071002a,3,2026-01-03,13.941692,Situjuah,-0.293,100.64,0
13071301a,3,2026-01-03,15.789123,Akabiluru,-0.24,100.55,595
13080401a,3,2026-01-03,15.770019,Bonjol,0.0,100.25,700
13080501a,3,2026-01-03,19.534492,Lubuk Sikaping,0.13722,100.1681,455
13080701a,3,2026-01-03,11.836344,Petok,0.29389,100.0975,248
13081301a,3,2026-01-03,9.809893,UPT-BP Ladang Panjang,0.04,100.05,112
13081402a,3,2026-01-03,10.404316,Rao,0.56,100.02,220
13081601a,3,2026-01-03,12.163075,Simpati,0.01,100.16,301
13090401a,3,2026-01-03,14.5189495,Muara Sikabaluan,-1.13,98.98,2
13100101a,3,2026-01-03,12.916079,BPP Koto Baru,-1.04,101.67,129
13100203a,3,2026-01-03,7.0986943,Sei Dareh,-1.061,101.5,0
13100401a,3,2026-01-03,9.230016,Sitiung,-1.01,101.59,0
13100701a,3,2026-01-03,11.296999,BPP Koto Salak,-1.19,101.73,76
13100702a,3,2026-01-03,10.223603,Timpeh,-0.92,101.58,101
13110101a,3,2026-01-03,17.176834,Lubuk Gadang Selatan,-1.55,101.25,572
13110106a,3,2026-01-03,13.719282,Sangir Jujuan,-1.43,101.32,363
13110107a,3,2026-01-03,17.20364,BPP Sangir Batanghari,-1.27,101.39,196
13110202a,3,2026-01-03,14.456862,Pakan Salasa - Muara Labuh,-1.402,101.05,0
13110602a,3,2026-01-03,16.044249,Pekonina,-1.59054,101.14329,937
13120101a,3,2026-01-03,18.062508,Parit,0.28,99.53,0
13120102a,3,2026-01-03,7.680372,Sei Baremas,0.24,99.45,19
13120301a,3,2026-01-03,14.085837,Sukamenanti,0.102,99.81,192
13120402a,3,2026-01-03,11.938112,UPTB Talamau,0.23,99.9672,0
13120501a,3,2026-01-03,10.9897,Kinali,-0.02,99.85,37
13120601a,3,2026-01-03,13.188894,Gunung Tuleh,0.2363,99.7166,43
13121003a,3,2026-01-03,11.749184,Sei Talang,0.03,99.79,0
13121101a,3,2026-01-03,11.762468,Sasak,0.011,99.7,4
13710101e,3,2026-01-03,10.786687,Teluk Bayur,-0.98,100.36,0
13710202a,3,2026-01-03,9.501025,Muara Palam - Parak Karakah,-0.94,100.38,13
13710701a,3,2026-01-03,11.181223,Tambang Semen Padang,-0.96,100.5,690
13710702a,3,2026-01-03,7.662415,Bandar Buat,-0.953,100.42,0
13710704a,3,2026-01-03,16.201775,Water Plan Semen Padang,-0.961,100.48,0
13710803a,3,2026-01-03,15.02799,Limau Manih - UNAND,-0.9164,100.4367,0
13711001a,3,2026-01-03,9.826363,Nanggalo,-0.91,100.36,0
13711102a,3,2026-01-03,10.387964,Lubuk Minturun,-0.85,100.38,53
13720101a,3,2026-01-03,11.301989,Lubuk Sikarah,-0.77,100.61,390
13720201a,3,2026-01-03,12.947708,Tanjung Harapan,-0.76,100.65,0
13730201a,3,2026-01-03,9.296224,BPP Kolok,-0.6,100.73,263
13740101a,3,2026-01-03,12.825758,PU Padang Panjang,-0.45,100.44,0
13740201a,3,2026-01-03,9.269598,Stageof PPI,-0.471,100.42,0
13750101a,3,2026-01-03,14.380334,BPBD Bukittinggi,-0.28,100.37,0
13760101a,3,2026-01-03,10.239274,Padang Mangatas,-0.27,100.68,0
13760102a,3,2026-01-03,13.708279,Payakumbuh Barat,-0.25,100.62,0
13760501a,3,2026-01-03,12.36585,Payakumbuh Selatan,-0.25,100.63,0
13770101a,3,2026-01-03,10.016853,Pariaman,-0.6,100.13,27
13010103a,4,2026-01-04,9.910778,Air Pura,-1.99,100.95,21
13010202a,4,2026-01-04,11.032748,BPK Padang Laban,-1.917,100.87,2
13010302a,4,2026-01-04,11.407165,Kambang,-1.67,100.74,25
13010402a,4,2026-01-04,9.071504,PU Batang Kapas - Tanah Kareh,-1.48,100.62,20
13010403a,4,2026-01-04,12.5770235,BPK Batang Kapas,-1.49,100.61,7
13010601a,4,2026-01-04,10.713604,BPK Bayang Api-Api,-1.29,100.49,3
13010701a,4,2026-01-04,11.4909315,Tarusan,-1.24,100.47,0
13010702a,4,2026-01-04,12.406769,BPK Duku Nanggalo,-1.16,100.48,33
13010902a,4,2026-01-04,7.704968,BPK Linggo Sari Baganti,-1.91,100.88,0
13011002Z,4,2026-01-04,8.896323,Lunang,-2.26,101.1,5
13020301a,4,2026-01-04,10.700405,BBI Surian,-1.24861,100.87,1044
13020401a,4,2026-01-04,10.090782,BPK Lembah Gumanti,-1.084,100.78,1623
13020403f,4,2026-01-04,7.8888254,UPTD Alahan Panjang,-0.98,100.78,1535
13020501a,4,2026-01-04,6.951396,Payung Sekaki,-0.91,100.78,0
13020601a,4,2026-01-04,10.876145,Lembang Jaya,-0.97,100.72,0
13020701a,4,2026-01-04,9.147644,Gunung Talang,-1.02,100.63,0
13020801a,4,2026-01-04,8.688253,Muara Panas,-0.85,100.69,432
13020901a,4,2026-01-04,6.7933435,BPK IX Koto Seilasi,-0.796,100.78,0
13021001a,4,2026-01-04,6.1984925,Kubung,-0.83047,100.60766,642
13021102a,4,2026-01-04,6.6299586,X Koto Singkarak,-0.71,100.6,393
13021104a,4,2026-01-04,9.422603,Balitbu Sumani,-0.71964,100.59724,368
13021105f,4,2026-01-04,8.506855,Balitbu Aripan,-0.698,100.6,0
13021201a,4,2026-01-04,9.404819,BPK X Koto Diatas,-0.62028,100.6433,479
13021301a,4,2026-01-04,9.981606,Muaro Pingai,-0.69,100.54,412
13021701a,4,2026-01-04,7.5569987,BPK Hiliran Gumanti,-1.095,100.87,0
13021801a,4,2026-01-04,10.291526,Tigo Lurah,-1.055,101.05,0
13021901a,4,2026-01-04,8.873391,Danau Kembar,-1.04257,100.73507,1608
13030302a,4,2026-01-04,9.703369,Tanjung Gadang,-0.78,101.17,0
13030304a,4,2026-01-04,9.336179,Tanjung Lolo,-0.89462,101.19145,231
13030401a,4,2026-01-04,9.078998,BPK Sijunjung,-0.7,101.01,175
13030402a,4,2026-01-04,7.8638387,Muara Sijunjung,-0.6,100.99,202
13030501a,4,2026-01-04,8.962852,BPP 4 Nagari,-0.67,100.88,186
13030601a,4,2026-01-04,9.224045,Sei Langsat,-0.91,101.3,185
13030701a,4,2026-01-04,8.497839,Lubuk Tarok,-0.82,101.03,192
13030801a,4,2026-01-04,8.808338,BPK Tanjung Ampalu,-0.64,100.96,182
13030901a,4,2026-01-04,6.2579083,Kumanis,-0.53,100.88,0
13030902a,4,2026-01-04,6.137918,Sumpur Kudus,-0.42,100.9,258
13031001a,4,2026-01-04,8.794728,Kupitan,-0.7,100.84,206
13040101a,4,2026-01-04,10.765261,BPK X Koto Paninjauan,-0.44,100.42,989
13040201a,4,2026-01-04,8.344466,Batipuh,-0.47,100.46,0
13040202a,4,2026-01-04,8.195235,Ombilin weir,-0.56,100.55,373
13040301a,4,2026-01-04,12.261796,Galo Gandang,-0.48541,100.55552,573
13040304a,4,2026-01-04,10.277019,Rambatan,-0.51,100.57,0
13040402a,4,2026-01-04,7.545095,Cubadak,-0.47,100.54,0
13040502a,4,2026-01-04,9.657657,Saruaso,-0.53,100.63,367
13040504a,4,2026-01-04,10.010086,Diperta Tanah Datar,-0.475,100.62,0
13040701a,4,2026-01-04,8.382566,BPP Sungayang,-0.38,100.63,0
13040801a,4,2026-01-04,8.834159,Sei Tarab,-0.41,100.57,1004
13041001a,4,2026-01-04,7.862546,Salimpaung,-0.33,100.57,0
13041101a,4,2026-01-04,8.562277,Padang Ganting,-0.53,100.68,0
13041401a,4,2026-01-04,7.977229,Malalo,-0.57,100.48,405
13050201a,4,2026-01-04,7.9789963,Kuliek,-0.74,100.33,0
13050203a,4,2026-01-04,9.494853,StaMet Minangkabau,-0.79333,100.28889,6
13050301a,4,2026-01-04,10.506481,Sunur,-0.67,100.19,33
13050501a,4,2026-01-04,8.909815,BPP Balah Air,-0.59,100.21,0
13050701a,4,2026-01-04,8.940271,Sei Geringging,-0.41986,100.08845,233
13050801a,4,2026-01-04,8.8564625,BPP Pilubang,-0.5376,100.09889,11
13050901a,4,2026-01-04,12.097234,Padang Laring,-0.34,100.09,318
13051001a,4,2026-01-04,10.768392,Ulakan Tapakis,-0.7,100.22,12
13051101a,4,2026-01-04,9.871601,BPP Sintuk,-0.65,100.26,65
13051401a,4,2026-01-04,7.274961,Limau Purut,-0.53,100.17,0
13051501a,4,2026-01-04,8.250208,Kandang Ampek,-0.5,100.34,388
13051502a,4,2026-01-04,9.511353,Sicaung,-0.52,100.31,111
13051503a,4,2026-01-04,7.913594,Staklim Padang Pariaman,-0.546,100.3,134
13051601a,4,2026-01-04,12.818,Tandikat,-0.5,100.25,209
13060101a,4,2026-01-04,10.007643,Tiku,-0.37,99.91,9
13060202a,4,2026-01-04,12.024174,Lubuk Basung,-0.29,99.95,0
13060303a,4,2026-01-04,8.855577,Tanjung Raya - Maninjau,-0.29,100.15,474
13060401a,4,2026-01-04,7.9107094,Matur,-0.305,100.2528,1163
13060501a,4,2026-01-04,9.334203,Koto Tuo,-0.37,100.3,1031
13060801a,4,2026-01-04,9.550238,Baso,-0.3,100.48,1020
13060902a,4,2026-01-04,8.397377,GAW Pasadama,-0.25,100.38,889
13060903a,4,2026-01-04,9.8479,Kamang Mudiak,-0.20408,100.41941,861
13061001a,4,2026-01-04,8.397377,GAW Palupuh,-0.18,100.34,0
13061102a,4,2026-01-04,6.1980166,Palembayan,-0.19,100.23,776
13061301a,4,2026-01-04,13.926376,BPP Bawan,-0.2,100.0,20
13070103a,4,2026-01-04,9.27664,Suliki,-0.1,100.5,540
13070104a,4,2026-01-04,6.837146,BP3K Bukit Barisan,-0.06,100.52,0
13070203a,4,2026-01-04,8.728162,Guguak,-0.91889,100.6358,800
13070402a,4,2026-01-04,7.1857405,Luhak,-0.28,100.68,827
13070501a,4,2026-01-04,7.5026817,BPP Tanjung Pati,-0.17,100.66,0
13070504a,4,2026-01-04,9.125576,Politani Tanjungpati,-0.17,100.67,0
13070601a,4,2026-01-04,7.710083,Pangkalan,0.09,100.73,0
13070701a,4,2026-01-04,10.457163,Muara Paiti,0.24,100.55,129
13071002a,4,2026-01-04,9.683812,Situjuah,-0.293,100.64,0
13071301a,4,2026-01-04,8.706859,Akabiluru,-0.24,100.55,595
13080401a,4,2026-01-04,8.862062,Bonjol,0.0,100.25,700
13080501a,4,2026-01-04,11.036528,Lubuk Sikaping,0.13722,100.1681,455
13080701a,4,2026-01-04,9.814756,Petok,0.29389,100.0975,248
13081301a,4,2026-01-04,10.052115,UPT-BP Ladang Panjang,0.04,100.05,112
13081402a,4,2026-01-04,9.660011,Rao,0.56,100.02,220
13081601a,4,2026-01-04,7.482667,Simpati,0.01,100.16,301
13090401a,4,2026-01-04,12.188285,Muara Sikabaluan,-1.13,98.98,2
13100101a,4,2026-01-04,8.093275,BPP Koto Baru,-1.04,101.67,129
13100203a,4,2026-01-04,6.688826,Sei Dareh,-1.061,101.5,0
13100401a,4,2026-01-04,8.056585,Sitiung,-1.01,101.59,0
13100701a,4,2026-01-04,10.115133,BPP Koto Salak,-1.19,101.73,76
13100702a,4,2026-01-04,9.676528,Timpeh,-0.92,101.58,101
13110101a,4,2026-01-04,8.664649,Lubuk Gadang Selatan,-1.55,101.25,572
13110106a,4,2026-01-04,8.895359,Sangir Jujuan,-1.43,101.32,363
13110107a,4,2026-01-04,10.338224,BPP Sangir Batanghari,-1.27,101.39,196
13110202a,4,2026-01-04,7.6970696,Pakan Salasa - Muara Labuh,-1.402,101.05,0
13110602a,4,2026-01-04,8.297583,Pekonina,-1.59054,101.14329,937
13120101a,4,2026-01-04,9.0303135,Parit,0.28,99.53,0
13120102a,4,2026-01-04,6.845379,Sei Baremas,0.24,99.45,19
13120301a,4,2026-01-04,13.192656,Sukamenanti,0.102,99.81,192
13120402a,4,2026-01-04,8.459558,UPTB Talamau,0.23,99.9672,0
13120501a,4,2026-01-04,10.3525715,Kinali,-0.02,99.85,37
13120601a,4,2026-01-04,9.512466,Gunung Tuleh,0.2363,99.7166,43
13121003a,4,2026-01-04,9.392255,Sei Talang,0.03,99.79,0
13121101a,4,2026-01-04,9.839603,Sasak,0.011,99.7,4
13710101e,4,2026-01-04,11.645877,Teluk Bayur,-0.98,100.36,0
13710202a,4,2026-01-04,12.0754175,Muara Palam - Parak Karakah,-0.94,100.38,13
13710701a,4,2026-01-04,10.283939,Tambang Semen Padang,-0.96,100.5,690
13710702a,4,2026-01-04,8.481037,Bandar Buat,-0.953,100.42,0
13710704a,4,2026-01-04,15.886605,Water Plan Semen Padang,-0.961,100.48,0
13710803a,4,2026-01-04,11.447592,Limau Manih - UNAND,-0.9164,100.4367,0
13711001a,4,2026-01-04,10.710134,Nanggalo,-0.91,100.36,0
13711102a,4,2026-01-04,11.86095,Lubuk Minturun,-0.85,100.38,53
13720101a,4,2026-01-04,10.057209,Lubuk Sikarah,-0.77,100.61,390
13720201a,4,2026-01-04,9.264775,Tanjung Harapan,-0.76,100.65,0
13730201a,4,2026-01-04,8.9566345,BPP Kolok,-0.6,100.73,263
13740101a,4,2026-01-04,8.824206,PU Padang Panjang,-0.45,100.44,0
13740201a,4,2026-01-04,10.441259,Stageof PPI,-0.471,100.42,0
13750101a,4,2026-01-04,10.028185,BPBD Bukittinggi,-0.28,100.37,0
13760101a,4,2026-01-04,7.721211,Padang Mangatas,-0.27,100.68,0
13760102a,4,2026-01-04,9.131538,Payakumbuh Barat,-0.25,100.62,0
13760501a,4,2026-01-04,5.8317204,Payakumbuh Selatan,-0.25,100.63,0
13770101a,4,2026-01-04,9.12893,Pariaman,-0.6,100.13,27
13010103a,5,2026-01-05,10.196863,Air Pura,-1.99,100.95,21
13010202a,5,2026-01-05,10.779408,BPK Padang Laban,-1.917,100.87,2
13010302a,5,2026-01-05,19.613415,Kambang,-1.67,100.74,25
13010402a,5,2026-01-05,11.274914,PU Batang Kapas - Tanah Kareh,-1.48,100.62,20
13010403a,5,2026-01-05,8.643412,BPK Batang Kapas,-1.49,100.61,7
13010601a,5,2026-01-05,12.743949,BPK Bayang Api-Api,-1.29,100.49,3
13010701a,5,2026-01-05,11.099292,Tarusan,-1.24,100.47,0
13010702a,5,2026-01-05,14.59979,BPK Duku Nanggalo,-1.16,100.48,33
13010902a,5,2026-01-05,5.3303633,BPK Linggo Sari Baganti,-1.91,100.88,0
13011002Z,5,2026-01-05,9.986816,Lunang,-2.26,101.1,5
13020301a,5,2026-01-05,9.5379,BBI Surian,-1.24861,100.87,1044
13020401a,5,2026-01-05,10.310111,BPK Lembah Gumanti,-1.084,100.78,1623
13020403f,5,2026-01-05,7.5701857,UPTD Alahan Panjang,-0.98,100.78,1535
13020501a,5,2026-01-05,7.405684,Payung Sekaki,-0.91,100.78,0
13020601a,5,2026-01-05,9.729172,Lembang Jaya,-0.97,100.72,0
13020701a,5,2026-01-05,8.324038,Gunung Talang,-1.02,100.63,0
13020801a,5,2026-01-05,8.311658,Muara Panas,-0.85,100.69,432
13020901a,5,2026-01-05,5.3046722,BPK IX Koto Seilasi,-0.796,100.78,0
13021001a,5,2026-01-05,4.2992206,Kubung,-0.83047,100.60766,642
13021102a,5,2026-01-05,7.8869505,X Koto Singkarak,-0.71,100.6,393
13021104a,5,2026-01-05,7.8204055,Balitbu Sumani,-0.71964,100.59724,368
13021105f,5,2026-01-05,7.5829177,Balitbu Aripan,-0.698,100.6,0
13021201a,5,2026-01-05,8.667936,BPK X Koto Diatas,-0.62028,100.6433,479
13021301a,5,2026-01-05,8.460924,Muaro Pingai,-0.69,100.54,412
13021701a,5,2026-01-05,7.9680285,BPK Hiliran Gumanti,-1.095,100.87,0
13021801a,5,2026-01-05,8.899189,Tigo Lurah,-1.055,101.05,0
13021901a,5,2026-01-05,8.7927685,Danau Kembar,-1.04257,100.73507,1608
13030302a,5,2026-01-05,12.258611,Tanjung Gadang,-0.78,101.17,0
13030304a,5,2026-01-05,8.44289,Tanjung Lolo,-0.89462,101.19145,231
13030401a,5,2026-01-05,11.06905,BPK Sijunjung,-0.7,101.01,175
13030402a,5,2026-01-05,11.818902,Muara Sijunjung,-0.6,100.99,202
13030501a,5,2026-01-05,9.717573,BPP 4 Nagari,-0.67,100.88,186
13030601a,5,2026-01-05,6.1809297,Sei Langsat,-0.91,101.3,185
13030701a,5,2026-01-05,11.391491,Lubuk Tarok,-0.82,101.03,192
13030801a,5,2026-01-05,11.127274,BPK Tanjung Ampalu,-0.64,100.96,182
13030901a,5,2026-01-05,7.2114444,Kumanis,-0.53,100.88,0
13030902a,5,2026-01-05,6.464949,Sumpur Kudus,-0.42,100.9,258
13031001a,5,2026-01-05,7.7206087,Kupitan,-0.7,100.84,206
13040101a,5,2026-01-05,5.571194,BPK X Koto Paninjauan,-0.44,100.42,989
13040201a,5,2026-01-05,9.2605505,Batipuh,-0.47,100.46,0
13040202a,5,2026-01-05,5.8845496,Ombilin weir,-0.56,100.55,373
13040301a,5,2026-01-05,7.7876387,Galo Gandang,-0.48541,100.55552,573
13040304a,5,2026-01-05,9.149465,Rambatan,-0.51,100.57,0
13040402a,5,2026-01-05,8.368153,Cubadak,-0.47,100.54,0
13040502a,5,2026-01-05,7.6840515,Saruaso,-0.53,100.63,367
13040504a,5,2026-01-05,10.35512,Diperta Tanah Datar,-0.475,100.62,0
13040701a,5,2026-01-05,5.9447007,BPP Sungayang,-0.38,100.63,0
13040801a,5,2026-01-05,6.3731093,Sei Tarab,-0.41,100.57,1004
13041001a,5,2026-01-05,10.978866,Salimpaung,-0.33,100.57,0
13041101a,5,2026-01-05,8.596406,Padang Ganting,-0.53,100.68,0
13041401a,5,2026-01-05,8.846383,Malalo,-0.57,100.48,405
13050201a,5,2026-01-05,9.975098,Kuliek,-0.74,100.33,0
13050203a,5,2026-01-05,11.347039,StaMet Minangkabau,-0.79333,100.28889,6
13050301a,5,2026-01-05,7.909465,Sunur,-0.67,100.19,33
13050501a,5,2026-01-05,8.760165,BPP Balah Air,-0.59,100.21,0
13050701a,5,2026-01-05,8.054879,Sei Geringging,-0.41986,100.08845,233
13050801a,5,2026-01-05,6.730177,BPP Pilubang,-0.5376,100.09889,11
13050901a,5,2026-01-05,7.0443316,Padang Laring,-0.34,100.09,318
13051001a,5,2026-01-05,6.001459,Ulakan Tapakis,-0.7,100.22,12
13051101a,5,2026-01-05,11.688009,BPP Sintuk,-0.65,100.26,65
13051401a,5,2026-01-05,8.855338,Limau Purut,-0.53,100.17,0
13051501a,5,2026-01-05,9.553045,Kandang Ampek,-0.5,100.34,388
13051502a,5,2026-01-05,9.519979,Sicaung,-0.52,100.31,111
13051503a,5,2026-01-05,12.553656,Staklim Padang Pariaman,-0.546,100.3,134
13051601a,5,2026-01-05,10.452456,Tandikat,-0.5,100.25,209
13060101a,5,2026-01-05,6.2669296,Tiku,-0.37,99.91,9
13060202a,5,2026-01-05,9.6166,Lubuk Basung,-0.29,99.95,0
13060303a,5,2026-01-05,6.9815326,Tanjung Raya - Maninjau,-0.29,100.15,474
13060401a,5,2026-01-05,7.3180346,Matur,-0.305,100.2528,1163
13060501a,5,2026-01-05,12.553643,Koto Tuo,-0.37,100.3,1031
13060801a,5,2026-01-05,8.32458,Baso,-0.3,100.48,1020
13060902a,5,2026-01-05,10.584966,GAW Pasadama,-0.25,100.38,889
13060903a,5,2026-01-05,9.444001,Kamang Mudiak,-0.20408,100.41941,861
13061001a,5,2026-01-05,10.584966,GAW Palupuh,-0.18,100.34,0
13061102a,5,2026-01-05,2.8856845,Palembayan,-0.19,100.23,776
13061301a,5,2026-01-05,7.4968157,BPP Bawan,-0.2,100.0,20
13070103a,5,2026-01-05,6.983413,Suliki,-0.1,100.5,540
13070104a,5,2026-01-05,7.2132707,BP3K Bukit Barisan,-0.06,100.52,0
13070203a,5,2026-01-05,7.015916,Guguak,-0.91889,100.6358,800
13070402a,5,2026-01-05,7.2777185,Luhak,-0.28,100.68,827
13070501a,5,2026-01-05,10.044716,BPP Tanjung Pati,-0.17,100.66,0
13070504a,5,2026-01-05,8.207094,Politani Tanjungpati,-0.17,100.67,0
13070601a,5,2026-01-05,10.58116,Pangkalan,0.09,100.73,0
13070701a,5,2026-01-05,9.747465,Muara Paiti,0.24,100.55,129
13071002a,5,2026-01-05,8.665442,Situjuah,-0.293,100.64,0
13071301a,5,2026-01-05,6.933979,Akabiluru,-0.24,100.55,595
13080401a,5,2026-01-05,8.8147335,Bonjol,0.0,100.25,700
13080501a,5,2026-01-05,10.029202,Lubuk Sikaping,0.13722,100.1681,455
13080701a,5,2026-01-05,9.516402,Petok,0.29389,100.0975,248
13081301a,5,2026-01-05,13.038799,UPT-BP Ladang Panjang,0.04,100.05,112
13081402a,5,2026-01-05,8.845962,Rao,0.56,100.02,220
13081601a,5,2026-01-05,9.716292,Simpati,0.01,100.16,301
13090401a,5,2026-01-05,13.8153925,Muara Sikabaluan,-1.13,98.98,2
13100101a,5,2026-01-05,9.9240055,BPP Koto Baru,-1.04,101.67,129
13100203a,5,2026-01-05,6.33718,Sei Dareh,-1.061,101.5,0
13100401a,5,2026-01-05,9.075811,Sitiung,-1.01,101.59,0
13100701a,5,2026-01-05,13.068995,BPP Koto Salak,-1.19,101.73,76
13100702a,5,2026-01-05,11.191276,Timpeh,-0.92,101.58,101
13110101a,5,2026-01-05,9.968459,Lubuk Gadang Selatan,-1.55,101.25,572
13110106a,5,2026-01-05,10.695791,Sangir Jujuan,-1.43,101.32,363
13110107a,5,2026-01-05,8.971206,BPP Sangir Batanghari,-1.27,101.39,196
13110202a,5,2026-01-05,8.403048,Pakan Salasa - Muara Labuh,-1.402,101.05,0
13110602a,5,2026-01-05,9.205946,Pekonina,-1.59054,101.14329,937
13120101a,5,2026-01-05,7.297922,Parit,0.28,99.53,0
13120102a,5,2026-01-05,4.549909,Sei Baremas,0.24,99.45,19
13120301a,5,2026-01-05,13.780182,Sukamenanti,0.102,99.81,192
13120402a,5,2026-01-05,13.089005,UPTB Talamau,0.23,99.9672,0
13120501a,5,2026-01-05,10.813897,Kinali,-0.02,99.85,37
13120601a,5,2026-01-05,7.10195,Gunung Tuleh,0.2363,99.7166,43
13121003a,5,2026-01-05,11.372551,Sei Talang,0.03,99.79,0
13121101a,5,2026-01-05,6.0637555,Sasak,0.011,99.7,4
13710101e,5,2026-01-05,13.792968,Teluk Bayur,-0.98,100.36,0
13710202a,5,2026-01-05,9.885634,Muara Palam - Parak Karakah,-0.94,100.38,13
13710701a,5,2026-01-05,8.524081,Tambang Semen Padang,-0.96,100.5,690
13710702a,5,2026-01-05,5.9635196,Bandar Buat,-0.953,100.42,0
13710704a,5,2026-01-05,9.944867,Water Plan Semen Padang,-0.961,100.48,0
13710803a,5,2026-01-05,9.768229,Limau Manih - UNAND,-0.9164,100.4367,0
13711001a,5,2026-01-05,9.669736,Nanggalo,-0.91,100.36,0
13711102a,5,2026-01-05,10.455776,Lubuk Minturun,-0.85,100.38,53
13720101a,5,2026-01-05,11.6695385,Lubuk Sikarah,-0.77,100.61,390
13720201a,5,2026-01-05,9.792728,Tanjung Harapan,-0.76,100.65,0
13730201a,5,2026-01-05,7.7434397,BPP Kolok,-0.6,100.73,263
13740101a,5,2026-01-05,10.020707,PU Padang Panjang,-0.45,100.44,0
13740201a,5,2026-01-05,9.959731,Stageof PPI,-0.471,100.42,0
13750101a,5,2026-01-05,9.320271,BPBD Bukittinggi,-0.28,100.37,0
13760101a,5,2026-01-05,6.9354134,Padang Mangatas,-0.27,100.68,0
13760102a,5,2026-01-05,7.655875,Payakumbuh Barat,-0.25,100.62,0
13760501a,5,2026-01-05,4.2989564,Payakumbuh Selatan,-0.25,100.63,0
13770101a,5,2026-01-05,5.7696548,Pariaman,-0.6,100.13,27
13010103a,6,2026-01-06,14.794292,Air Pura,-1.99,100.95,21
13010202a,6,2026-01-06,14.642604,BPK Padang Laban,-1.917,100.87,2
13010302a,6,2026-01-06,17.228529,Kambang,-1.67,100.74,25
13010402a,6,2026-01-06,14.218302,PU Batang Kapas - Tanah Kareh,-1.48,100.62,20
13010403a,6,2026-01-06,15.410368,BPK Batang Kapas,-1.49,100.61,7
13010601a,6,2026-01-06,16.045712,BPK Bayang Api-Api,-1.29,100.49,3
13010701a,6,2026-01-06,11.454798,Tarusan,-1.24,100.47,0
13010702a,6,2026-01-06,15.181344,BPK Duku Nanggalo,-1.16,100.48,33
13010902a,6,2026-01-06,6.542935,BPK Linggo Sari Baganti,-1.91,100.88,0
13011002Z,6,2026-01-06,16.335197,Lunang,-2.26,101.1,5
13020301a,6,2026-01-06,16.38714,BBI Surian,-1.24861,100.87,1044
13020401a,6,2026-01-06,16.790907,BPK Lembah Gumanti,-1.084,100.78,1623
13020403f,6,2026-01-06,10.555908,UPTD Alahan Panjang,-0.98,100.78,1535
13020501a,6,2026-01-06,10.64329,Payung Sekaki,-0.91,100.78,0
13020601a,6,2026-01-06,16.676495,Lembang Jaya,-0.97,100.72,0
13020701a,6,2026-01-06,12.073424,Gunung Talang,-1.02,100.63,0
13020801a,6,2026-01-06,13.279815,Muara Panas,-0.85,100.69,432
13020901a,6,2026-01-06,9.778244,BPK IX Koto Seilasi,-0.796,100.78,0
13021001a,6,2026-01-06,4.9082417,Kubung,-0.83047,100.60766,642
13021102a,6,2026-01-06,10.136783,X Koto Singkarak,-0.71,100.6,393
13021104a,6,2026-01-06,11.737187,Balitbu Sumani,-0.71964,100.59724,368
13021105f,6,2026-01-06,11.038216,Balitbu Aripan,-0.698,100.6,0
13021201a,6,2026-01-06,14.4586315,BPK X Koto Diatas,-0.62028,100.6433,479
13021301a,6,2026-01-06,14.5543785,Muaro Pingai,-0.69,100.54,412
13021701a,6,2026-01-06,11.7158575,BPK Hiliran Gumanti,-1.095,100.87,0
13021801a,6,2026-01-06,13.003843,Tigo Lurah,-1.055,101.05,0
13021901a,6,2026-01-06,12.861384,Danau Kembar,-1.04257,100.73507,1608
13030302a,6,2026-01-06,16.144617,Tanjung Gadang,-0.78,101.17,0
13030304a,6,2026-01-06,10.1439085,Tanjung Lolo,-0.89462,101.19145,231
13030401a,6,2026-01-06,15.194013,BPK Sijunjung,-0.7,101.01,175
13030402a,6,2026-01-06,13.924733,Muara Sijunjung,-0.6,100.99,202
13030501a,6,2026-01-06,17.533485,BPP 4 Nagari,-0.67,100.88,186
13030601a,6,2026-01-06,13.286607,Sei Langsat,-0.91,101.3,185
13030701a,6,2026-01-06,17.929825,Lubuk Tarok,-0.82,101.03,192
13030801a,6,2026-01-06,17.555733,BPK Tanjung Ampalu,-0.64,100.96,182
13030901a,6,2026-01-06,10.3520975,Kumanis,-0.53,100.88,0
13030902a,6,2026-01-06,9.745132,Sumpur Kudus,-0.42,100.9,258
13031001a,6,2026-01-06,15.391215,Kupitan,-0.7,100.84,206
13040101a,6,2026-01-06,11.136935,BPK X Koto Paninjauan,-0.44,100.42,989
13040201a,6,2026-01-06,15.091894,Batipuh,-0.47,100.46,0
13040202a,6,2026-01-06,7.4352546,Ombilin weir,-0.56,100.55,373
13040301a,6,2026-01-06,9.023729,Galo Gandang,-0.48541,100.55552,573
13040304a,6,2026-01-06,9.825639,Rambatan,-0.51,100.57,0
13040402a,6,2026-01-06,10.808628,Cubadak,-0.47,100.54,0
13040502a,6,2026-01-06,9.563884,Saruaso,-0.53,100.63,367
13040504a,6,2026-01-06,10.245875,Diperta Tanah Datar,-0.475,100.62,0
13040701a,6,2026-01-06,8.6073065,BPP Sungayang,-0.38,100.63,0
13040801a,6,2026-01-06,7.540474,Sei Tarab,-0.41,100.57,1004
13041001a,6,2026-01-06,13.607009,Salimpaung,-0.33,100.57,0
13041101a,6,2026-01-06,11.386713,Padang Ganting,-0.53,100.68,0
13041401a,6,2026-01-06,13.255858,Malalo,-0.57,100.48,405
13050201a,6,2026-01-06,13.098754,Kuliek,-0.74,100.33,0
13050203a,6,2026-01-06,15.945994,StaMet Minangkabau,-0.79333,100.28889,6
13050301a,6,2026-01-06,12.382136,Sunur,-0.67,100.19,33
13050501a,6,2026-01-06,12.042303,BPP Balah Air,-0.59,100.21,0
13050701a,6,2026-01-06,13.211003,Sei Geringging,-0.41986,100.08845,233
13050801a,6,2026-01-06,13.430273,BPP Pilubang,-0.5376,100.09889,11
13050901a,6,2026-01-06,10.13596,Padang Laring,-0.34,100.09,318
13051001a,6,2026-01-06,6.8050933,Ulakan Tapakis,-0.7,100.22,12
13051101a,6,2026-01-06,14.069542,BPP Sintuk,-0.65,100.26,65
13051401a,6,2026-01-06,12.570717,Limau Purut,-0.53,100.17,0
13051501a,6,2026-01-06,15.020439,Kandang Ampek,-0.5,100.34,388
13051502a,6,2026-01-06,12.6714945,Sicaung,-0.52,100.31,111
13051503a,6,2026-01-06,13.556854,Staklim Padang Pariaman,-0.546,100.3,134
13051601a,6,2026-01-06,15.519468,Tandikat,-0.5,100.25,209
13060101a,6,2026-01-06,14.144534,Tiku,-0.37,99.91,9
13060202a,6,2026-01-06,11.399333,Lubuk Basung,-0.29,99.95,0
13060303a,6,2026-01-06,13.949327,Tanjung Raya - Maninjau,-0.29,100.15,474
13060401a,6,2026-01-06,13.741038,Matur,-0.305,100.2528,1163
13060501a,6,2026-01-06,16.441658,Koto Tuo,-0.37,100.3,1031
13060801a,6,2026-01-06,15.095542,Baso,-0.3,100.48,1020
13060902a,6,2026-01-06,12.097495,GAW Pasadama,-0.25,100.38,889
13060903a,6,2026-01-06,15.488326,Kamang Mudiak,-0.20408,100.41941,861
13061001a,6,2026-01-06,12.097495,GAW Palupuh,-0.18,100.34,0
13061102a,6,2026-01-06,5.3157554,Palembayan,-0.19,100.23,776
13061301a,6,2026-01-06,13.837752,BPP Bawan,-0.2,100.0,20
13070103a,6,2026-01-06,14.138379,Suliki,-0.1,100.5,540
13070104a,6,2026-01-06,10.141156,BP3K Bukit Barisan,-0.06,100.52,0
13070203a,6,2026-01-06,11.762627,Guguak,-0.91889,100.6358,800
13070402a,6,2026-01-06,12.674746,Luhak,-0.28,100.68,827
13070501a,6,2026-01-06,14.352007,BPP Tanjung Pati,-0.17,100.66,0
13070504a,6,2026-01-06,14.105203,Politani Tanjungpati,-0.17,100.67,0
13070601a,6,2026-01-06,15.387083,Pangkalan,0.09,100.73,0
13070701a,6,2026-01-06,13.543612,Muara Paiti,0.24,100.55,129
13071002a,6,2026-01-06,13.7304,Situjuah,-0.293,100.64,0
13071301a,6,2026-01-06,12.27097,Akabiluru,-0.24,100.55,595
13080401a,6,2026-01-06,14.353907,Bonjol,0.0,100.25,700
13080501a,6,2026-01-06,12.712654,Lubuk Sikaping,0.13722,100.1681,455
13080701a,6,2026-01-06,15.827472,Petok,0.29389,100.0975,248
13081301a,6,2026-01-06,16.192692,UPT-BP Ladang Panjang,0.04,100.05,112
13081402a,6,2026-01-06,15.544426,Rao,0.56,100.02,220
13081601a,6,2026-01-06,9.411009,Simpati,0.01,100.16,301
13090401a,6,2026-01-06,19.20588,Muara Sikabaluan,-1.13,98.98,2
13100101a,6,2026-01-06,11.380643,BPP Koto Baru,-1.04,101.67,129
13100203a,6,2026-01-06,9.2497015,Sei Dareh,-1.061,101.5,0
13100401a,6,2026-01-06,14.037052,Sitiung,-1.01,101.59,0
13100701a,6,2026-01-06,14.957636,BPP Koto Salak,-1.19,101.73,76
13100702a,6,2026-01-06,13.655157,Timpeh,-0.92,101.58,101
13110101a,6,2026-01-06,17.401892,Lubuk Gadang Selatan,-1.55,101.25,572
13110106a,6,2026-01-06,15.487467,Sangir Jujuan,-1.43,101.32,363
13110107a,6,2026-01-06,13.306404,BPP Sangir Batanghari,-1.27,101.39,196
13110202a,6,2026-01-06,12.085831,Pakan Salasa - Muara Labuh,-1.402,101.05,0
13110602a,6,2026-01-06,15.626645,Pekonina,-1.59054,101.14329,937
13120101a,6,2026-01-06,13.87635,Parit,0.28,99.53,0
13120102a,6,2026-01-06,4.9469733,Sei Baremas,0.24,99.45,19
13120301a,6,2026-01-06,17.145456,Sukamenanti,0.102,99.81,192
13120402a,6,2026-01-06,11.02341,UPTB Talamau,0.23,99.9672,0
13120501a,6,2026-01-06,10.5062895,Kinali,-0.02,99.85,37
13120601a,6,2026-01-06,10.8018055,Gunung Tuleh,0.2363,99.7166,43
13121003a,6,2026-01-06,12.981857,Sei Talang,0.03,99.79,0
13121101a,6,2026-01-06,10.27881,Sasak,0.011,99.7,4
13710101e,6,2026-01-06,17.654402,Teluk Bayur,-0.98,100.36,0
13710202a,6,2026-01-06,10.894902,Muara Palam - Parak Karakah,-0.94,100.38,13
13710701a,6,2026-01-06,9.472838,Tambang Semen Padang,-0.96,100.5,690
13710702a,6,2026-01-06,6.855897,Bandar Buat,-0.953,100.42,0
13710704a,6,2026-01-06,13.116161,Water Plan Semen Padang,-0.961,100.48,0
13710803a,6,2026-01-06,11.639663,Limau Manih - UNAND,-0.9164,100.4367,0
13711001a,6,2026-01-06,10.911108,Nanggalo,-0.91,100.36,0
13711102a,6,2026-01-06,13.873931,Lubuk Minturun,-0.85,100.38,53
13720101a,6,2026-01-06,17.590271,Lubuk Sikarah,-0.77,100.61,390
13720201a,6,2026-01-06,14.442758,Tanjung Harapan,-0.76,100.65,0
13730201a,6,2026-01-06,13.791173,BPP Kolok,-0.6,100.73,263
13740101a,6,2026-01-06,13.566375,PU Padang Panjang,-0.45,100.44,0
13740201a,6,2026-01-06,13.417127,Stageof PPI,-0.471,100.42,0
13750101a,6,2026-01-06,14.566927,BPBD Bukittinggi,-0.28,100.37,0
13760101a,6,2026-01-06,11.356433,Padang Mangatas,-0.27,100.68,0
13760102a,6,2026-01-06,13.565444,Payakumbuh Barat,-0.25,100.62,0
13760501a,6,2026-01-06,7.3741713,Payakumbuh Selatan,-0.25,100.63,0
13770101a,6,2026-01-06,8.838593,Pariaman,-0.6,100.13,27
13010103a,7,2026-01-07,12.656331,Air Pura,-1.99,100.95,21
13010202a,7,2026-01-07,13.4737215,BPK Padang Laban,-1.917,100.87,2
13010302a,7,2026-01-07,12.543111,Kambang,-1.67,100.74,25
13010402a,7,2026-01-07,8.716757,PU Batang Kapas - Tanah Kareh,-1.48,100.62,20
13010403a,7,2026-01-07,14.992418,BPK Batang Kapas,-1.49,100.61,7
13010601a,7,2026-01-07,11.771366,BPK Bayang Api-Api,-1.29,100.49,3
13010701a,7,2026-01-07,12.007375,Tarusan,-1.24,100.47,0
13010702a,7,2026-01-07,13.755399,BPK Duku Nanggalo,-1.16,100.48,33
13010902a,7,2026-01-07,9.418359,BPK Linggo Sari Baganti,-1.91,100.88,0
13011002Z,7,2026-01-07,14.290046,Lunang,-2.26,101.1,5
13020301a,7,2026-01-07,9.884977,BBI Surian,-1.24861,100.87,1044
13020401a,7,2026-01-07,17.968233,BPK Lembah Gumanti,-1.084,100.78,1623
13020403f,7,2026-01-07,14.427411,UPTD Alahan Panjang,-0.98,100.78,1535
13020501a,7,2026-01-07,13.00345,Payung Sekaki,-0.91,100.78,0
13020601a,7,2026-01-07,18.21863,Lembang Jaya,-0.97,100.72,0
13020701a,7,2026-01-07,13.58852,Gunung Talang,-1.02,100.63,0
13020801a,7,2026-01-07,13.897579,Muara Panas,-0.85,100.69,432
13020901a,7,2026-01-07,12.612806,BPK IX Koto Seilasi,-0.796,100.78,0
13021001a,7,2026-01-07,8.377451,Kubung,-0.83047,100.60766,642
13021102a,7,2026-01-07,13.34911,X Koto Singkarak,-0.71,100.6,393
13021104a,7,2026-01-07,12.306693,Balitbu Sumani,-0.71964,100.59724,368
13021105f,7,2026-01-07,14.569118,Balitbu Aripan,-0.698,100.6,0
13021201a,7,2026-01-07,13.496726,BPK X Koto Diatas,-0.62028,100.6433,479
13021301a,7,2026-01-07,14.710935,Muaro Pingai,-0.69,100.54,412
13021701a,7,2026-01-07,11.763429,BPK Hiliran Gumanti,-1.095,100.87,0
13021801a,7,2026-01-07,11.329026,Tigo Lurah,-1.055,101.05,0
13021901a,7,2026-01-07,13.652537,Danau Kembar,-1.04257,100.73507,1608
13030302a,7,2026-01-07,15.887023,Tanjung Gadang,-0.78,101.17,0
13030304a,7,2026-01-07,10.665462,Tanjung Lolo,-0.89462,101.19145,231
13030401a,7,2026-01-07,17.402102,BPK Sijunjung,-0.7,101.01,175
13030402a,7,2026-01-07,12.122261,Muara Sijunjung,-0.6,100.99,202
13030501a,7,2026-01-07,13.743983,BPP 4 Nagari,-0.67,100.88,186
13030601a,7,2026-01-07,11.803725,Sei Langsat,-0.91,101.3,185
13030701a,7,2026-01-07,15.4430895,Lubuk Tarok,-0.82,101.03,192
13030801a,7,2026-01-07,16.532137,BPK Tanjung Ampalu,-0.64,100.96,182
13030901a,7,2026-01-07,11.872425,Kumanis,-0.53,100.88,0
13030902a,7,2026-01-07,11.05055,Sumpur Kudus,-0.42,100.9,258
13031001a,7,2026-01-07,17.616123,Kupitan,-0.7,100.84,206
13040101a,7,2026-01-07,11.93988,BPK X Koto Paninjauan,-0.44,100.42,989
13040201a,7,2026-01-07,13.111828,Batipuh,-0.47,100.46,0
13040202a,7,2026-01-07,14.666746,Ombilin weir,-0.56,100.55,373
13040301a,7,2026-01-07,11.399391,Galo Gandang,-0.48541,100.55552,573
13040304a,7,2026-01-07,13.252303,Rambatan,-0.51,100.57,0
13040402a,7,2026-01-07,13.836205,Cubadak,-0.47,100.54,0
13040502a,7,2026-01-07,13.763461,Saruaso,-0.53,100.63,367
13040504a,7,2026-01-07,11.431149,Diperta Tanah Datar,-0.475,100.62,0
13040701a,7,2026-01-07,11.999066,BPP Sungayang,-0.38,100.63,0
13040801a,7,2026-01-07,11.5644655,Sei Tarab,-0.41,100.57,1004
13041001a,7,2026-01-07,14.090775,Salimpaung,-0.33,100.57,0
13041101a,7,2026-01-07,11.246646,Padang Ganting,-0.53,100.68,0
13041401a,7,2026-01-07,14.613746,Malalo,-0.57,100.48,405
13050201a,7,2026-01-07,10.917926,Kuliek,-0.74,100.33,0
13050203a,7,2026-01-07,15.736142,StaMet Minangkabau,-0.79333,100.28889,6
13050301a,7,2026-01-07,14.2361555,Sunur,-0.67,100.19,33
13050501a,7,2026-01-07,9.929552,BPP Balah Air,-0.59,100.21,0
13050701a,7,2026-01-07,12.349887,Sei Geringging,-0.41986,100.08845,233
13050801a,7,2026-01-07,11.258599,BPP Pilubang,-0.5376,100.09889,11
13050901a,7,2026-01-07,14.375291,Padang Laring,-0.34,100.09,318
13051001a,7,2026-01-07,12.481254,Ulakan Tapakis,-0.7,100.22,12
13051101a,7,2026-01-07,11.504028,BPP Sintuk,-0.65,100.26,65
13051401a,7,2026-01-07,9.892511,Limau Purut,-0.53,100.17,0
13051501a,7,2026-01-07,15.855274,Kandang Ampek,-0.5,100.34,388
13051502a,7,2026-01-07,11.506243,Sicaung,-0.52,100.31,111
13051503a,7,2026-01-07,10.255943,Staklim Padang Pariaman,-0.546,100.3,134
13051601a,7,2026-01-07,10.641154,Tandikat,-0.5,100.25,209
13060101a,7,2026-01-07,10.224737,Tiku,-0.37,99.91,9
13060202a,7,2026-01-07,12.500793,Lubuk Basung,-0.29,99.95,0
13060303a,7,2026-01-07,11.740551,Tanjung Raya - Maninjau,-0.29,100.15,474
13060401a,7,2026-01-07,15.8241415,Matur,-0.305,100.2528,1163
13060501a,7,2026-01-07,16.600393,Koto Tuo,-0.37,100.3,1031
13060801a,7,2026-01-07,15.570411,Baso,-0.3,100.48,1020
13060902a,7,2026-01-07,11.37332,GAW Pasadama,-0.25,100.38,889
13060903a,7,2026-01-07,13.341837,Kamang Mudiak,-0.20408,100.41941,861
13061001a,7,2026-01-07,11.37332,GAW Palupuh,-0.18,100.34,0
13061102a,7,2026-01-07,8.777869,Palembayan,-0.19,100.23,776
13061301a,7,2026-01-07,15.436834,BPP Bawan,-0.2,100.0,20
13070103a,7,2026-01-07,14.461856,Suliki,-0.1,100.5,540
13070104a,7,2026-01-07,11.974491,BP3K Bukit Barisan,-0.06,100.52,0
13070203a,7,2026-01-07,14.375671,Guguak,-0.91889,100.6358,800
13070402a,7,2026-01-07,14.50045,Luhak,-0.28,100.68,827
13070501a,7,2026-01-07,13.638261,BPP Tanjung Pati,-0.17,100.66,0
13070504a,7,2026-01-07,13.555684,Politani Tanjungpati,-0.17,100.67,0
13070601a,7,2026-01-07,15.331853,Pangkalan,0.09,100.73,0
13070701a,7,2026-01-07,11.886726,Muara Paiti,0.24,100.55,129
13071002a,7,2026-01-07,15.1797285,Situjuah,-0.293,100.64,0
13071301a,7,2026-01-07,14.446748,Akabiluru,-0.24,100.55,595
13080401a,7,2026-01-07,9.722648,Bonjol,0.0,100.25,700
13080501a,7,2026-01-07,13.337658,Lubuk Sikaping,0.13722,100.1681,455
13080701a,7,2026-01-07,16.379547,Petok,0.29389,100.0975,248
13081301a,7,2026-01-07,14.74461,UPT-BP Ladang Panjang,0.04,100.05,112
13081402a,7,2026-01-07,16.789688,Rao,0.56,100.02,220
13081601a,7,2026-01-07,11.278185,Simpati,0.01,100.16,301
13090401a,7,2026-01-07,14.810255,Muara Sikabaluan,-1.13,98.98,2
13100101a,7,2026-01-07,11.408346,BPP Koto Baru,-1.04,101.67,129
13100203a,7,2026-01-07,10.190885,Sei Dareh,-1.061,101.5,0
13100401a,7,2026-01-07,15.746386,Sitiung,-1.01,101.59,0
13100701a,7,2026-01-07,10.932202,BPP Koto Salak,-1.19,101.73,76
13100702a,7,2026-01-07,11.499053,Timpeh,-0.92,101.58,101
13110101a,7,2026-01-07,9.19032,Lubuk Gadang Selatan,-1.55,101.25,572
13110106a,7,2026-01-07,14.08383,Sangir Jujuan,-1.43,101.32,363
13110107a,7,2026-01-07,10.485719,BPP Sangir Batanghari,-1.27,101.39,196
13110202a,7,2026-01-07,10.636962,Pakan Salasa - Muara Labuh,-1.402,101.05,0
13110602a,7,2026-01-07,10.121345,Pekonina,-1.59054,101.14329,937
13120101a,7,2026-01-07,12.71869,Parit,0.28,99.53,0
13120102a,7,2026-01-07,7.2800884,Sei Baremas,0.24,99.45,19
13120301a,7,2026-01-07,12.256871,Sukamenanti,0.102,99.81,192
13120402a,7,2026-01-07,10.691427,UPTB Talamau,0.23,99.9672,0
13120501a,7,2026-01-07,11.90923,Kinali,-0.02,99.85,37
13120601a,7,2026-01-07,10.1335535,Gunung Tuleh,0.2363,99.7166,43
13121003a,7,2026-01-07,11.491796,Sei Talang,0.03,99.79,0
13121101a,7,2026-01-07,13.129051,Sasak,0.011,99.7,4
13710101e,7,2026-01-07,15.902427,Teluk Bayur,-0.98,100.36,0
13710202a,7,2026-01-07,12.392887,Muara Palam - Parak Karakah,-0.94,100.38,13
13710701a,7,2026-01-07,12.901927,Tambang Semen Padang,-0.96,100.5,690
13710702a,7,2026-01-07,9.086002,Bandar Buat,-0.953,100.42,0
13710704a,7,2026-01-07,13.792632,Water Plan Semen Padang,-0.961,100.48,0
13710803a,7,2026-01-07,14.236844,Limau Manih - UNAND,-0.9164,100.4367,0
13711001a,7,2026-01-07,12.104573,Nanggalo,-0.91,100.36,0
13711102a,7,2026-01-07,15.107011,Lubuk Minturun,-0.85,100.38,53
13720101a,7,2026-01-07,14.634565,Lubuk Sikarah,-0.77,100.61,390
13720201a,7,2026-01-07,14.599454,Tanjung Harapan,-0.76,100.65,0
13730201a,7,2026-01-07,15.907572,BPP Kolok,-0.6,100.73,263
13740101a,7,2026-01-07,13.957931,PU Padang Panjang,-0.45,100.44,0
13740201a,7,2026-01-07,12.53125,Stageof PPI,-0.471,100.42,0
13750101a,7,2026-01-07,11.470165,BPBD Bukittinggi,-0.28,100.37,0
13760101a,7,2026-01-07,13.00531,Padang Mangatas,-0.27,100.68,0
13760102a,7,2026-01-07,13.600216,Payakumbuh Barat,-0.25,100.62,0
13760501a,7,2026-01-07,10.810583,Payakumbuh Selatan,-0.25,100.63,0
13770101a,7,2026-01-07,11.489329,Pariaman,-0.6,100.13,27
